Filename,Last Modified
annoying-beeping.org,2024-06-26 20:47:32
auto-tangle-config.org,2024-06-26 20:47:32
automatic-pair-parentheses.org,2024-06-26 20:47:32
backup-file.org,2024-06-26 20:47:32
buffer-move.org,2024-06-26 20:47:32
centered-window-mode.org,2024-06-26 20:47:32
company-mode.org,2024-06-26 20:47:32
cursor.org,2024-06-26 20:47:32
dashboard.org,2024-06-26 20:47:32
diminish.org,2024-06-26 20:47:32
dired.org,2024-06-26 20:47:32
drag-stuff.org,2024-06-26 20:47:32
elpaca.org,2024-06-26 20:47:32
evil-mode.org,2024-06-26 20:47:32
flycheck.org,2024-06-26 20:47:32
fonts.org,2024-06-26 20:47:32
general-keybindings.org,2024-08-18 17:20:38
git.org,2024-06-26 20:47:32
grep.org,2024-06-26 20:47:32
gui-tweaks.org,2024-06-26 20:47:32
hook-daemon-and-client.org,2024-06-26 20:47:32
image.org,2024-06-26 20:47:32
ivy-counsel.org,2024-06-26 20:47:32
lsp.org,2024-08-14 01:34:42
modeline.org,2024-06-26 20:47:32
neotree.org,2024-08-18 17:17:16
nerd-icons.org,2024-06-26 20:47:32
org-mode.org,2024-06-26 20:47:32
rainbow-delimiters.org,2024-06-26 20:47:32
rainbow-mode.org,2024-06-26 20:47:32
recentf.org,2024-06-26 20:47:32
reload-emacs.org,2024-06-26 20:47:32
runtime-performance.org,2024-06-26 20:47:32
shields-and-terminal.org,2024-06-26 20:47:32
space-only.org,2024-06-26 20:47:32
startup-performance.org,2024-06-26 20:47:32
theme.org,2024-06-26 20:47:32
tree-sitter.org,2024-06-26 20:47:32
treemacs.org,2024-08-18 17:15:21
which-key.org,2024-06-26 20:47:32
yasnippet.org,2024-06-26 20:47:32
